promise_id,promise_text,source,text
P1,"To make all activities connected with procurements, developmental and infrastructural activities and recruitments transparent and accountable.",news,Congress releases its manifesto for Karnataka polls - Oneindia
P2,To fill up approved vacancies in all Government Departments with in one year.,news,"Govt. set to kick-start recruitment process for 56,432 posts - The Hindu"
P2,To fill up approved vacancies in all Government Departments with in one year.,news,Explained: Why are Karnataka’s job aspirants protesting? - The News Minute
P2,To fill up approved vacancies in all Government Departments with in one year.,news,"Karnataka’s 2.5 lakh vacancies expose fiscal strain, legal hurdles and rising youth anger - The New Indian Express"
P2,To fill up approved vacancies in all Government Departments with in one year.,news,Labour and Service Law in 2025: Landmark Reforms and Defining Judgments - SCC Online
P2,To fill up approved vacancies in all Government Departments with in one year.,news,"Pradhan Mantri Awas Yojana 2026: Beneficiaries, online, offline application - housing.com"
P3,To Sympathetically consider extension of OPS to the pensionable government employees who joined service since 2006,news,Congress releases its manifesto for Karnataka polls - Oneindia
P3,To Sympathetically consider extension of OPS to the pensionable government employees who joined service since 2006,news,"Decoding the fine print of pension schemes: What's good, bad, avoidable - Business Standard"
P3,To Sympathetically consider extension of OPS to the pensionable government employees who joined service since 2006,news,Karnataka elections: Here's what all Congress has promised in its manifesto - Business Standard
P4,To regularize the services of the presently working in source employees under,news,Labour and Service Law in 2025: Landmark Reforms and Defining Judgments - SCC Online
P4,To regularize the services of the presently working in source employees under,news,"All you need to know about Karnataka’s draft Bill on domestic workers, now open for public feedback - The Indian Express"
P4,To regularize the services of the presently working in source employees under,news,"Karnataka proposes law to fix minimum wage, work hours for domestic workers - The Hindu"
P4,To regularize the services of the presently working in source employees under,news,Bills & Acts - PRSIndia
P4,To regularize the services of the presently working in source employees under,news,Karnataka high court directs regularisation of services for contract workers in Mangaluru city corporatio - The Times of India
P5,Health & Family Welfare Department on the lines of the actions being taken by the Congress Governments of Rajasthan and Himachalhal Pradesh,news,Gehlot accuses Rajasthan government of dismantling health model with neglect - The Hindu
P5,Health & Family Welfare Department on the lines of the actions being taken by the Congress Governments of Rajasthan and Himachalhal Pradesh,news,What happened to Perez Hilton? YouTuber reveals serious health scare that led to hospital stay and surger - The Times of India
P5,Health & Family Welfare Department on the lines of the actions being taken by the Congress Governments of Rajasthan and Himachalhal Pradesh,news,Closing the women’s health gap: 5 key focus areas and why they need more research - The World Economic Forum
P5,Health & Family Welfare Department on the lines of the actions being taken by the Congress Governments of Rajasthan and Himachalhal Pradesh,news,"FM Sitharaman says health insurance is a priority, aims universal coverage by 2033 - Upstox"
P5,Health & Family Welfare Department on the lines of the actions being taken by the Congress Governments of Rajasthan and Himachalhal Pradesh,news,"‘What are the noticeable physical signs that your insulin resistance is improving, such as changes in skin or weight?’ - The Indian Express"
P7,"To give benefits to Increase monthly salary of Anganwadi Workers from to Rs. 11,500 to Rs. 15,000/ - and retirement benefit of Rs. 3 Lakhs on premature death or retirement",news,Congress releases its manifesto for Karnataka polls - Oneindia
P8,"To give benefits to Mini Anganwadi workers from to Rs. 7,500 to Rs.10,000 and retirement benefit of Rs. 2 Lakhs on premature death or retirement",news,Congress releases its manifesto for Karnataka polls - Oneindia
P9,"To provide ASHA workers with a fixed monthly honorarium of Rs. 5,000/- to Rs. 8,000/-",news,"Unpaid for SC/ST census, Karnataka teachers & ASHA workers fear repeat with OBC survey - The Times of India"
P9,"To provide ASHA workers with a fixed monthly honorarium of Rs. 5,000/- to Rs. 8,000/-",news,"Karnataka seeks GST revenue protection, more tobacco excise duty sharing from Centre - The Economic Times"
P9,"To provide ASHA workers with a fixed monthly honorarium of Rs. 5,000/- to Rs. 8,000/-",news,Karnataka's finances to come under strain as demand for more schemes pour in - The New Indian Express
P9,"To provide ASHA workers with a fixed monthly honorarium of Rs. 5,000/- to Rs. 8,000/-",news,Sops galore by Nitish Kumar ahead of Bihar elections - The Sunday Guardian
P9,"To provide ASHA workers with a fixed monthly honorarium of Rs. 5,000/- to Rs. 8,000/-",news,"Will Nitish Kumar upset the Grand Alliance’s political equation?: 10 big announcements made in 2 months, di... - Bhaskar English"
P10,"Toenhance honorarium to Midday Meal Cooks from Rs.3,600 to Rs.6,000/-",news,Congress releases its manifesto for Karnataka polls - Oneindia
P11,"To abolish corruption in public works and to create a transparent tender systems in PWD, Rural Development, Irrigation, Urban Development and Power sector by enacting a special law to punish the perpetrators of corruption.",news,Congress releases its manifesto for Karnataka polls - Oneindia
P12,"To ensure that the works begin within 90 days of the issue of the work order, get the work completed within the time specified in the contract and settle the bills of the contractors within the time-frame of contractual agreement.",news,"India’s Labour Reforms: Simplification, Security, and Sustainable Growth - पीआईबी"
P12,"To ensure that the works begin within 90 days of the issue of the work order, get the work completed within the time specified in the contract and settle the bills of the contractors within the time-frame of contractual agreement.",news,Summary of Landmark Judgments on Government Contracts and Tenders by the Supreme Court in 2024 (Part I of II) - SCC Online
P12,"To ensure that the works begin within 90 days of the issue of the work order, get the work completed within the time specified in the contract and settle the bills of the contractors within the time-frame of contractual agreement.",news,California Mandates Important New Rules for Private Construction Projects - Jones Day
P12,"To ensure that the works begin within 90 days of the issue of the work order, get the work completed within the time specified in the contract and settle the bills of the contractors within the time-frame of contractual agreement.",news,The federal government is still shut down. Here's what that means across the country - NPR
P12,"To ensure that the works begin within 90 days of the issue of the work order, get the work completed within the time specified in the contract and settle the bills of the contractors within the time-frame of contractual agreement.",news,New Labour Codes Modernizing India’s MSME Ecosystem - पीआईबी
P13,To increase recruitment of women in Police Force to 33% of the total strength with at least 1% reservation for Gender Minorities.,news,Congress releases its manifesto for Karnataka polls - Oneindia
P14,To provide special allowance of Rs 5000 per month to police officials on night duty and one month's extra pay per year.,news,You may have to sign formal contracts with household helps - The Times of India
P14,To provide special allowance of Rs 5000 per month to police officials on night duty and one month's extra pay per year.,news,Cong. promises investment of ₹1.5 lakh crore over five years to complete irrigation projects - The Hindu
P14,To provide special allowance of Rs 5000 per month to police officials on night duty and one month's extra pay per year.,news,Congress releases its manifesto for Karnataka polls - Oneindia
P14,To provide special allowance of Rs 5000 per month to police officials on night duty and one month's extra pay per year.,news,"Karnataka: Congress releases manifesto, promises action against Bajrang Dal, PFI - Deccan Chronicle"
P14,To provide special allowance of Rs 5000 per month to police officials on night duty and one month's extra pay per year.,news,Maharashtra cabinet nod for OPS to state employees who joined service after November 2005 - The Times of India
P15,To provide housing to all the police personnel within five years.,news,Home Minister inaugurates newly constructed police quarters in Suntikoppa - The Hindu
P15,To provide housing to all the police personnel within five years.,news,"Law but no order: Karnataka suspends 236 'dirty' cops, 42 face criminal cases; Bengaluru sleuths top list - The Times of India"
P15,To provide housing to all the police personnel within five years.,news,"Karnataka Police is among the best in the country,and he feels proud of its strength and discipline says:Parameshwara - Country and Politics"
P15,To provide housing to all the police personnel within five years.,news,Telangana government urged to set up a guest house in Tirumala - The Hindu
P15,To provide housing to all the police personnel within five years.,news,"'Body dried, reduced to skeletal frame': Rtd railway employee, daughter confined, starved by servant coup - The Times of India"
P16,To establish a seed fund of Rs.200 crores to create infrastructure in Cyber Crimes and financial investigations.,news,Congress releases its manifesto for Karnataka polls - Oneindia
P17,To set up a dedicated fund of Rs 2000 crore to modernise all the existing courts of the state.,news,"Union Budget 2026-27, Highlights and Economic Impact - IBEF"
P17,To set up a dedicated fund of Rs 2000 crore to modernise all the existing courts of the state.,news,Union Budget 2026: Full text of Nirmala Sitharaman's speech; download PDF - The Times of India
P17,To set up a dedicated fund of Rs 2000 crore to modernise all the existing courts of the state.,news,Union Budget 2026 Speech PDF Download: FM Nirmala Sitharaman’s full budget text - The Economic Times
P17,To set up a dedicated fund of Rs 2000 crore to modernise all the existing courts of the state.,news,Key Highlights Of Union Budget 2026-27 - A2Z Taxcorp LLP
P17,To set up a dedicated fund of Rs 2000 crore to modernise all the existing courts of the state.,news,Congress releases its manifesto for Karnataka polls - Oneindia
P18,To reduce registration fee concerning Gift & Will on landed property within the family .,news,Stamp duty and land registration charges in Tamil Nadu 2025 - housing.com
P18,To reduce registration fee concerning Gift & Will on landed property within the family .,news,"GST on Gold in India 2026: GST Rate on Gold Purchase, Jewellery, Coins and Bar - ClearTax"
P18,To reduce registration fee concerning Gift & Will on landed property within the family .,news,Stamp duty and registration charges in West Bengal 2025 - housing.com
P18,To reduce registration fee concerning Gift & Will on landed property within the family .,news,"GST on Silver 2026: Tax Rates, HSN Code and Calculation - ClearTax"
P18,To reduce registration fee concerning Gift & Will on landed property within the family .,news,Govt's new year changes: How they'll affect your wallet - 1News
P19,"The Congress Party is committed to take firm and decisive action against individuals and organisations spreading hatred amongst communities on grounds of caste or religion. We believe that law and Constitution is sacrosanct and can not be violated by individuals and Organisations like Bajrang Dal, PFI or others promoting enmity or hatred, whether among majority or minority communities. We will take decisive action as per law including imposing a ban on any such organisations. Regional and Rural Development",news,"Congress manifesto promises action against Bajrang Dal, PFI for hate politics - The News Minute"
P19,"The Congress Party is committed to take firm and decisive action against individuals and organisations spreading hatred amongst communities on grounds of caste or religion. We believe that law and Constitution is sacrosanct and can not be violated by individuals and Organisations like Bajrang Dal, PFI or others promoting enmity or hatred, whether among majority or minority communities. We will take decisive action as per law including imposing a ban on any such organisations. Regional and Rural Development",news,"Congress promises ""decisive action"" against Bajrang Dal, PFI in its Karnataka election manifesto - Metro Vaartha"
P19,"The Congress Party is committed to take firm and decisive action against individuals and organisations spreading hatred amongst communities on grounds of caste or religion. We believe that law and Constitution is sacrosanct and can not be violated by individuals and Organisations like Bajrang Dal, PFI or others promoting enmity or hatred, whether among majority or minority communities. We will take decisive action as per law including imposing a ban on any such organisations. Regional and Rural Development",news,"Congress Cites Bajrang Dal, PFI In Karnataka Promise To Act Against Hatred - NDTV"
P19,"The Congress Party is committed to take firm and decisive action against individuals and organisations spreading hatred amongst communities on grounds of caste or religion. We believe that law and Constitution is sacrosanct and can not be violated by individuals and Organisations like Bajrang Dal, PFI or others promoting enmity or hatred, whether among majority or minority communities. We will take decisive action as per law including imposing a ban on any such organisations. Regional and Rural Development",news,CM Yogi Adityanath accuses Congress of attempting to 'make mockery' of Hindu faith by proposing to ban Bajrang Dal - The Hindu
P19,"The Congress Party is committed to take firm and decisive action against individuals and organisations spreading hatred amongst communities on grounds of caste or religion. We believe that law and Constitution is sacrosanct and can not be violated by individuals and Organisations like Bajrang Dal, PFI or others promoting enmity or hatred, whether among majority or minority communities. We will take decisive action as per law including imposing a ban on any such organisations. Regional and Rural Development",news,"Karnataka polls: Congress to ban Bajrang Dal, PFI if voted to power - The New Indian Express"
P20,To set up high-speed WiFi hotspots in every Panchayath.,news,Government of Karnataka launches 100 free Wi-Fi hotspots - varindia.com
P20,To set up high-speed WiFi hotspots in every Panchayath.,news,"Karnataka govt to launch Wi-Fi services in all gram panchayats, aid rural entrepreneurs - Entrackr"
P20,To set up high-speed WiFi hotspots in every Panchayath.,news,Congress releases its manifesto for Karnataka polls - Oneindia
P21,"Mahatma Gandhi Gram Swaraj Scheme - To invest Rs. 50 thousand crores in five years to improve facilities in villages, to provide clean drinking water, sanitation, basic education, health and all weather roads.",news,Congress releases its manifesto for Karnataka polls - Oneindia
P21,"Mahatma Gandhi Gram Swaraj Scheme - To invest Rs. 50 thousand crores in five years to improve facilities in villages, to provide clean drinking water, sanitation, basic education, health and all weather roads.",news,Highlights of the Budget 2024-25 Budget of Jammu and Kashmir for FY 2024-25 - Rising Kashmir
P22,To extend Bengaluru's TenderSURE road model to cities with a population more than 10 Lakh.,news,Congress releases its manifesto for Karnataka polls - Oneindia
P23,"To take up construction of apartments with all facilities, regularise all slums, provide them title deeds and re name the slums as Shramika Vasathi Samuchhaya",news,Congress releases its manifesto for Karnataka polls - Oneindia
P24,"To amend Karnataka Apartment Ownership Act, 1972 to provide for conveyance of property and land to group of owners.",news,"DKS pitches Apartment Bill, seeks apartment residents’ support in GBA polls - The Hindu"
P24,"To amend Karnataka Apartment Ownership Act, 1972 to provide for conveyance of property and land to group of owners.",news,Uncertainty set to end? Draft of new apartment law in Karnataka nearly ready - The Times of India
P24,"To amend Karnataka Apartment Ownership Act, 1972 to provide for conveyance of property and land to group of owners.",news,Karnataka High Court Quashes Registrar’s Order Against Apartment Association: “Maintenance Charges Must - Raw Law
P24,"To amend Karnataka Apartment Ownership Act, 1972 to provide for conveyance of property and land to group of owners.",news,Caught in limbo: Homebuyers push Karnataka government to notify new apartment Act - The Times of India
P24,"To amend Karnataka Apartment Ownership Act, 1972 to provide for conveyance of property and land to group of owners.",news,Apartment regulation laws in Karnataka: Why we need urgent reforms - Citizen Matters
P25,To frame rules to double the FAR for buildings in II tier cities to enterprises which generate employment.,news,Congress releases its manifesto for Karnataka polls - Oneindia
P26,"Krishi Sarvodaya Nidhi - To allocate Rs. 1.50 lakh crores in five years for modernization of agriculture, subsidy, loan and insurance.",news,Congress releases its manifesto for Karnataka polls - Oneindia
P28,To increase interest free soft loans to the farmers from Rs. 3 lakhs to 10 lakhs and with minimum interest of 3% upto Rs. 15 lakhs and to reimburse the differential interest by Government.,news,Congress releases its manifesto for Karnataka polls - Oneindia
P28,To increase interest free soft loans to the farmers from Rs. 3 lakhs to 10 lakhs and with minimum interest of 3% upto Rs. 15 lakhs and to reimburse the differential interest by Government.,news,Examining the BJP and Congress manifestos in Karnataka: A comparative look - The Indian Express
P29,To promote Agro based village industries run by rural women by investing Rs.200 crores.,news,"Union Budget 2026-27, Highlights and Economic Impact - IBEF"
P29,To promote Agro based village industries run by rural women by investing Rs.200 crores.,news,Union Budget 2026: Full text of Nirmala Sitharaman's speech; download PDF - The Times of India
P29,To promote Agro based village industries run by rural women by investing Rs.200 crores.,news,Karnataka Budget 2025: Key takeaways - Deccan Herald
P29,To promote Agro based village industries run by rural women by investing Rs.200 crores.,news,Congress releases its manifesto for Karnataka polls - Oneindia
P29,To promote Agro based village industries run by rural women by investing Rs.200 crores.,news,Top 100 Companies for CSR and Sustainability in 2024 - The CSR Journal
P30,To repeal the anti farmer laws enacted by BJP Government and to withdraw all politically motivated cases against farmers.,news,Karnataka’s Siddaramaiah govt and the illusions of social justice in a fascist era - The News Minute
P30,To repeal the anti farmer laws enacted by BJP Government and to withdraw all politically motivated cases against farmers.,news,"India: Government Policies, Actions Target Minorities - Human Rights Watch"
P30,To repeal the anti farmer laws enacted by BJP Government and to withdraw all politically motivated cases against farmers.,news,Congress not walking the talk on repealing Karnataka anti-cow slaughter law - Frontline Magazine
P30,To repeal the anti farmer laws enacted by BJP Government and to withdraw all politically motivated cases against farmers.,news,Draft Political Resolution for 23rd Congress - Peoples Democracy
P30,To repeal the anti farmer laws enacted by BJP Government and to withdraw all politically motivated cases against farmers.,news,Congress releases its manifesto for Karnataka polls - Oneindia
P31,Savayava Saradaara Yojane to promote Organic farming investing Rs.2500 crores in five years.,news,Congress releases its manifesto for Karnataka polls - Oneindia
P32,"Anew development board ""Negila Tuditha"" with seed money of Rs.500 crores. to focus on landless agricultural labourers and tenant farmers.",news,Congress releases its manifesto for Karnataka polls - Oneindia
P33,Jala Chethana Andolana - 100% subsidy to drip and sprinkler irrigation,news,Congress releases its manifesto for Karnataka polls - Oneindia
P35,To form self-help group for rural agriculturist women and provide Rs.3 lakhs interest free revolving loan.,news,Lakhpati Didi initiative: How women entrepreneurs are transforming Uttar Pradesh’s economy - The Times of India
P35,To form self-help group for rural agriculturist women and provide Rs.3 lakhs interest free revolving loan.,news,Congress releases its manifesto for Karnataka polls - Oneindia
P35,To form self-help group for rural agriculturist women and provide Rs.3 lakhs interest free revolving loan.,news,Overview of Karnataka Budget 2023-24 - NammaKPSC
P36,To create Prakruthi Vikopa Nidhi - a permanent fund - by creating an initial corpus fund of Rs.5000 crores.,news,Congress releases its manifesto for Karnataka polls - Oneindia
P37,To offer reasonable compensation during drought and famine situations for the loss of agricultural produce. To postpone the recovery of distressed loans and waive complete interest,news,Congress releases its manifesto for Karnataka polls - Oneindia
P38,To provide possession certificates to the famers of Malnad.,news,Congress releases its manifesto for Karnataka polls - Oneindia
P39,To establish an Agriculture Price Commission in each revenue division.,news,₹243.52 crore interim crop insurance relief released to 2.9 lakh farmers in Kalaburagi - The Hindu
P39,To establish an Agriculture Price Commission in each revenue division.,news,"Karnataka Budget 2026–27 puts focus on welfare, infrastructure and development - The South First"
P39,To establish an Agriculture Price Commission in each revenue division.,news,Ministry of Finance Year Ender 2025: Department of Expenditure - पीआईबी
P39,To establish an Agriculture Price Commission in each revenue division.,news,Farmers push for debt relief commission as rains wipe out crops across Karnataka - The Times of India
P39,To establish an Agriculture Price Commission in each revenue division.,news,Stamp duty in Kerala: Know land registration charges in 2025 - housing.com
P42,To create a brand for Coffee in Karnataka.,news,"Incessant rains may bring India’s coffee output down by 30,000 tonnes: KPA - The Hindu"
P42,To create a brand for Coffee in Karnataka.,news,Karnataka government announces 'Akka Cafe': All you need to know about the initiative - MSN
P42,To create a brand for Coffee in Karnataka.,news,Left wing student organisations slam govt for ordering closure of state-run schools - Indiatimes
P42,To create a brand for Coffee in Karnataka.,news,Dairy Dream: Nandini's journey of rural revival - The Caravan
P42,To create a brand for Coffee in Karnataka.,news,Karnataka State Incentives Prove Highly Popular for Foreign Firms in India - India Briefing
P44,To provide Rs 3 lakh interest-free loans to all silk yarn reelers,news,Congress releases its manifesto for Karnataka polls - Oneindia
P45,To implement Ksheera Kranthi - Mission 1.5 Crore litres of milk production per day.,news,"Congress Karnataka manifesto highlights: Increase in quota ceiling, a whistleblower protection act & ban on groups spreading hate - The Indian Express"
P46,Pashu Bhagya - To give loans upto Rs.3 lakhs at zero interest to dairy farmers to purchase superior Cow/Buffalo breed.,news,Congress releases its manifesto for Karnataka polls - Oneindia
P48,Ksheeradhare — To increase the per litre milk subsidy for all dairy farmers from Rs.5 to Rs.7/-.,news,"Karnataka Assembly elections: From BSY to Siddaramaiah, the land of milk and money - The Indian Express"
P49,Ksheera Kranti Credit Cards — To provide all dairy farmers with Ksheera,news,Congress releases its manifesto for Karnataka polls - Oneindia
P50,"Kranthi Credit Cards with a credit limit of Rs.50,000.",news,Congress releases its manifesto for Karnataka polls - Oneindia
P51,Runamuktha Kurigahi Yojane: To waive the Loan upto Rs | lakh of all sheep and goat rearing farmers.,news,Congress releases its manifesto for Karnataka polls - Oneindia
P52,To purchase cow-dung @Rs.3/- per KG and establish compost/manure centers in villages involving rural women/Youth.,news,Congress releases its manifesto for Karnataka polls - Oneindia
P52,To purchase cow-dung @Rs.3/- per KG and establish compost/manure centers in villages involving rural women/Youth.,news,Seven ingredients of the Congress' Karnataka magic recipe - The Economic Times
P52,To purchase cow-dung @Rs.3/- per KG and establish compost/manure centers in villages involving rural women/Youth.,news,"Rs 62,000 Crore Freebies: Congress win might cost Karnataka this much every year - The Economic Times"
P53,To provide interest-free loans to women to buy 2 cows or buffalos.,news,Rs 1 lakh interest-free loan for cattle rearers in Rajasthan: No CIBIL score needed; know the step-by-step ... - Bhaskar English
P53,To provide interest-free loans to women to buy 2 cows or buffalos.,news,"Despite growing climate risk, livestock insurance is out of women farmers’ reach - BehanBox"
P53,To provide interest-free loans to women to buy 2 cows or buffalos.,news,Congress releases its manifesto for Karnataka polls - Oneindia
P53,To provide interest-free loans to women to buy 2 cows or buffalos.,news,"Karnataka budget 2025: CM Siddaramaiah allocates Rs 42,018 crore for SC/ST welfare - The News Minute"
P53,To provide interest-free loans to women to buy 2 cows or buffalos.,news,Exemption for agri land conversion for industries - The Times of India
P55,"""Matysa Sarvodaya Nidhi"" - To establish a Rs 5000 Crore fund to improve the fishing sector as a whole.",news,Congress releases its manifesto for Karnataka polls - Oneindia
P56,To provide interest-free loans of up to Rs 3 lakhs to fisherwomen.,news,₹100cr seafood park to be set up in Byndoor: Vaidya - The Times of India
P56,To provide interest-free loans of up to Rs 3 lakhs to fisherwomen.,news,Karnataka Budget 2023: Emphasis on Agricultural Growth and Advancing Infra Development - Krishi Jagran
P56,To provide interest-free loans of up to Rs 3 lakhs to fisherwomen.,news,Seafood park will come up at Baindoor: Karnataka Minister Vaidya - Deccan Herald
P56,To provide interest-free loans of up to Rs 3 lakhs to fisherwomen.,news,Congress releases its manifesto for Karnataka polls - Oneindia
P56,To provide interest-free loans of up to Rs 3 lakhs to fisherwomen.,news,Karnataka Budget 2023 | Focus on agricultural growth and infrastructure development - CNBC TV18
P57,Matsya Bhagya — To provide 500 litres of tax-free diesel every year for deep sea fishing.,news,Congress releases its manifesto for Karnataka polls - Oneindia
P60,To arrange dredging at the points of anchorages in the jetties/ports or places where the fishing boats are being anchored.,news,Congress releases its manifesto for Karnataka polls - Oneindia
P61,"""Matsya Ashraya Yojane"" - Ensure Housing to all economically disadvantaged fishermen.",news,Congress releases its manifesto for Karnataka polls - Oneindia
P63,To Spend Rs. 1.5 lakh crores for irrigation in the next 5 years (2023 to 2028).,news,"Budget 2025 Highlights: PDF Download, Key Takeaways and Important Points - ClearTax"
P63,To Spend Rs. 1.5 lakh crores for irrigation in the next 5 years (2023 to 2028).,news,"(01 Feb, 2025) - Drishti IAS"
P64,To pursue— and complete them within five years and provide budgetary support,news,"Scheduled Tribes finance body got just 2% of Rs 750 crore it sought from Centre, defunct in 6 states - ThePrint"
P64,To pursue— and complete them within five years and provide budgetary support,news,"Karnataka Budget proposes new hostels, minority residential schools and education support schemes - The Hindu"
P64,To pursue— and complete them within five years and provide budgetary support,news,INTERVIEW | ‘Nothing significant in CM Siddaramaiah’s budget’: Senior BJP leader M Chandrappa - The New Indian Express
P64,To pursue— and complete them within five years and provide budgetary support,news,4 out of 5 Bengaluru’s civic entities seek Rs 6600-crore budgetary support - The Times of India
P64,To pursue— and complete them within five years and provide budgetary support,news,Union Budget 2026 Speech PDF Download: FM Nirmala Sitharaman’s full budget text - The Economic Times
P68,Action willbe taken to obtain necessary clearances from the Union Government,news,Ease of Doing Business: India’s Ongoing Regulatory Transformation - पीआईबी
P68,Action willbe taken to obtain necessary clearances from the Union Government,news,"Inaction by Union government stalling irrigation projects, says CM - The Hindu"
P68,Action willbe taken to obtain necessary clearances from the Union Government,news,Validity of Retrospective Environmental Clearance - Supreme Court Observer
P68,Action willbe taken to obtain necessary clearances from the Union Government,news,Union Budget 2026: Full text of Nirmala Sitharaman's speech; download PDF - The Times of India
P68,Action willbe taken to obtain necessary clearances from the Union Government,news,"Government Notifies Brownfield Shipyard Expansion Rules: 6-Year Deadline, Online Clearance Process And Independent Monitoring Mandated - Swarajyamag"
P70,Rs 500 crore will be allocated in the first cabinet meeting,news,"Karnataka govt spent big on netas' cars, grand event for 2nd anniversary: Rs 3,357 crore supplementary bu - The Times of India"
P70,Rs 500 crore will be allocated in the first cabinet meeting,news,Karnataka replaces 5kg free rice under Anna Bhagya with nutritional food kits to cut costs - The New Indian Express
P70,Rs 500 crore will be allocated in the first cabinet meeting,news,"Rekha Gupta Unveils Historic Rs 1 Lakh Crore Budget For Delhi, Doubling Capital Expenditure To Boost Infra Development - Swarajyamag"
P70,Rs 500 crore will be allocated in the first cabinet meeting,news,Karnataka Budget 2025: Key takeaways - Deccan Herald
P70,Rs 500 crore will be allocated in the first cabinet meeting,news,Karnataka plans Rohith Vemula Bill to tackle caste discrimination on campuses: CM Siddaramaiah - The Economic Times
P72,"Priority will be given to drinking water, agriculture, and then to electricity generation",news,Drops of life: Karnataka likely to witness drinking water shortage this summer - The New Indian Express
P72,"Priority will be given to drinking water, agriculture, and then to electricity generation",news,Telangana govt shifts 29 lakh connections to third discom - The Times of India
P72,"Priority will be given to drinking water, agriculture, and then to electricity generation",news,Tamil Nadu parties spar over South Korean firm’s investment plan in A.P. - The Hindu
P72,"Priority will be given to drinking water, agriculture, and then to electricity generation",news,"How safe is Karnataka’s groundwater usage?Safe today, vulnerable tomorrow - The Times of India"
P72,"Priority will be given to drinking water, agriculture, and then to electricity generation",news,"Water crisis 2024: Bengaluru parched, but cities across India struggling too - Citizen Matters"
P73,Congress will ensure responsible and secure rehabilitation of project affected families,news,Karnataka Chief Minister says Kerala yet to respond to his offer for housing project for Wayanad landslide victims - The Hindu
P78,To provide start-up fund of Rs. 10 crores to each constituency.,news,INTERVIEW | ‘Nothing significant in CM Siddaramaiah’s budget’: Senior BJP leader M Chandrappa - The New Indian Express
P78,To provide start-up fund of Rs. 10 crores to each constituency.,news,"Banglar Yuva Sathi scheme: Over 2 lakh youth apply for Rs 1,500 monthly allowance on Day 1 - The Times of India"
P78,To provide start-up fund of Rs. 10 crores to each constituency.,news,"Cabinet approves Rs 2,296 crore grant
to boost Bengaluru infrastructure - The New Indian Express"
P78,To provide start-up fund of Rs. 10 crores to each constituency.,news,"Bengaluru Roads Funding Row: BJP Slams Rs 1,100 Cr Allocation Plan - Deccan Herald"
P78,To provide start-up fund of Rs. 10 crores to each constituency.,news,"Karnataka CM Siddaramaiah launches projects worth ₹1,107 crore for Varuna constituency - The Hindu"
P81,To offer SGST concessions to 2 wheeler and 3 wheeler electric vehicles within urban limits as pollution free Green mobility solution.,news,Karnataka elections: Congress manifesto aims to expand IT contribution to over 25% of state's GDP - Business Today
P83,"To create a Task Force to assist exporters in improving supply chains, market accessibility, and handholding for increasing exports.",news,India’s Leading Export Destinations: Trends and 2023 Outlook - India Briefing
P83,"To create a Task Force to assist exporters in improving supply chains, market accessibility, and handholding for increasing exports.",news,"Domestic Investment in India: Market Activity, Government Initiatives & Growth Prospects - IBEF"
P84,To offer Start up subsidy upto Rs. 25 lakhs and soft loan upto Rs. One crore @,news,PM Surya Ghar: Muft Bijli Yojana - पीआईबी
P84,To offer Start up subsidy upto Rs. 25 lakhs and soft loan upto Rs. One crore @,news,"Mudra Yojana: Types, Interest Rates, Objectives, Eligibility - ClearTax"
P84,To offer Start up subsidy upto Rs. 25 lakhs and soft loan upto Rs. One crore @,news,Karnataka Budget 2025: Key takeaways - Deccan Herald
P84,To offer Start up subsidy upto Rs. 25 lakhs and soft loan upto Rs. One crore @,news,Interim Budget 2024-2025 - Drishti IAS
P84,To offer Start up subsidy upto Rs. 25 lakhs and soft loan upto Rs. One crore @,news,How women-led startups can benefit from government and agency support to grow and scale - YourStory.com
P85,"To set up a Welfare Fund worth Rs. 1,000 Crore to provide low-interest loans for small traders and shopkeepers to help revive key sectors of the local economy",news,Manifesto - inc.in
P87,"To create a revolving fund of Rs. 5,000 crores for tourism development in the state.",news,U.P. Government presents over ₹9.12 lakh crore budget - The Hindu
P87,"To create a revolving fund of Rs. 5,000 crores for tourism development in the state.",news,"Odisha CM presents Rs 3.10 lakh crore Budget with focus on agriculture, health - The Hans India"
P87,"To create a revolving fund of Rs. 5,000 crores for tourism development in the state.",news,"At 1st-ever Himachal Day event in Pangi, chief minister Sukhvinder Sukhu rolls out development schemes; R - The Times of India"
P87,"To create a revolving fund of Rs. 5,000 crores for tourism development in the state.",news,Overview of Karnataka Budget 2023-24 - NammaKPSC
P87,"To create a revolving fund of Rs. 5,000 crores for tourism development in the state.",news,Kerala Budget 2024-25 | Budget fails to enthuse tourism sector - The Hindu
P89,To provide 6% interest subvention for loans up to Rs. 5 lakh for any infrastructural development by home-stay owners and to review the legal provisions. ,news,Why is now the perfect time for women to buy a house? - housing.com
P90,To give Industry Status to Hotels with more than 20 employees.,news,"LPG shortage: About 20% of hotel industry needs will be met daily with immediate effect, announces Karnataka Minister - The Hindu"
P90,To give Industry Status to Hotels with more than 20 employees.,news,Semiconductor Industry in India: Incentives and Key Players - India Briefing
P90,To give Industry Status to Hotels with more than 20 employees.,news,"Bangalore Metro map, route, stations and upcoming lines 2026 - housing.com"
P90,To give Industry Status to Hotels with more than 20 employees.,news,"Hotels, restaurants across India grapple with gas shortage as West Asia conflict prolongs - The Hindu"
P90,To give Industry Status to Hotels with more than 20 employees.,news,"Karnataka tech push: New IT policy rolled out; Rs 50,000 perk for firms moving talent beyond Bengaluru - The Times of India"
P91,To help small self - employed hotel / Bakery / Sweet Stall sector by offering loan up-to Rs 10 Lakhs with 6% interest,news,"Udyogini Scheme: Eligibility, Documents Required, How to Apply Online, Interest Rate, Benefits - ClearTax"
P92,"To provide 200 units of free electricity to every house - ""GRUHAJYOTHI""",news,Guidelines For Gruhajyothi Guarantee Scheme: Registration Is A Must - All About Belgaum
P92,"To provide 200 units of free electricity to every house - ""GRUHAJYOTHI""",news,"Karnataka state formally Launched Gruha Jyothi scheme, 200 units of free electricity in the state - The Financial World"
P92,"To provide 200 units of free electricity to every house - ""GRUHAJYOTHI""",news,Registration for 'Gruha Jyoti' scheme to avail free electricity postponed to June 18 in Karnataka - Telegraph India
P92,"To provide 200 units of free electricity to every house - ""GRUHAJYOTHI""",news,Gruha Jyothi registration postponed to June 18 - The Hindu
P92,"To provide 200 units of free electricity to every house - ""GRUHAJYOTHI""",news,Congress’ five freebies in Karnataka: How it will affect farmers - The Times of India
P93,To Offer 25% subsidy upto Rs. 3 lakhs for installing solar appliances for domestic use.,news,India’s EV Revolution: What’s Powering It — and What’s Still Missing - Trade Brains
P93,To Offer 25% subsidy upto Rs. 3 lakhs for installing solar appliances for domestic use.,news,Ministry of Information & Broadcasting - पीआईबी
P93,To Offer 25% subsidy upto Rs. 3 lakhs for installing solar appliances for domestic use.,news,Manufacturing Industries in India & its Growth - IBEF
P94,To establish EV charging infrastructure and battery manufacturing units with 50% exemption in SGST and special subsidy,news,Electric Vehicle Industry in India: Investment Outlook and Market Profile - India Briefing
P94,To establish EV charging infrastructure and battery manufacturing units with 50% exemption in SGST and special subsidy,news,"Madhya Pradesh’s Draft EV Policy Proposes ₹50,000 Subsidy for Four-Wheelers - Mercomindia.com"
P94,To establish EV charging infrastructure and battery manufacturing units with 50% exemption in SGST and special subsidy,news,Top EV-friendly States In India That Offer The Best Incentives To Electric Car Buyers - CarDekho
P94,To establish EV charging infrastructure and battery manufacturing units with 50% exemption in SGST and special subsidy,news,Rajasthan Lays Thrust on Electric Vehicle Manufacturing in its EV Policy 2022 - Mercomindia.com
P94,To establish EV charging infrastructure and battery manufacturing units with 50% exemption in SGST and special subsidy,news,Assam Aims for 11.7 GW Renewable Energy Capacity by 2030 - Mercomindia.com
P95,"To encourage more mega Solar Parks, to produce additional generation of 5000 MW Power",news,Company Highlights: Key developments in the past 12 months - Renewable Watch Magazine
P95,"To encourage more mega Solar Parks, to produce additional generation of 5000 MW Power",news,Top 10 Solar Energy Producing States of India in 2025 - Renewable Affairs
P95,"To encourage more mega Solar Parks, to produce additional generation of 5000 MW Power",news,Energy News Monitor | Volume XVII; Issue 29 - orfonline.org
P95,"To encourage more mega Solar Parks, to produce additional generation of 5000 MW Power",news,Ministry of Information & Broadcasting - पीआईबी
P95,"To encourage more mega Solar Parks, to produce additional generation of 5000 MW Power",news,Review: What is the status of ‘Solar Energy’ generation in the country? - FACTLY
P96,SHAKTI - Free travel to all women through out the state in regular KSRTC Busses,news,"Smart travel: Soon, Shakti card to enable women’s travel on buses and Metro in Bengaluru - The Times of India"
P96,SHAKTI - Free travel to all women through out the state in regular KSRTC Busses,news,"Karnataka govt left red-faced over 'fake' world record certificate for Shakti bus scheme, CM deletes tweet - Deccan Herald"
P96,SHAKTI - Free travel to all women through out the state in regular KSRTC Busses,news,Karnataka’s Shakti scheme completes two years - The Hindu
P96,SHAKTI - Free travel to all women through out the state in regular KSRTC Busses,news,Is Karnataka Govt Planning To End Free Bus Rides For Women? Details Inside - Republic World
P96,SHAKTI - Free travel to all women through out the state in regular KSRTC Busses,news,What is Karnataka Government’s Shakti scheme which offers free bus rides to women - The CSR Journal
P99,To increase the fleet strength of BMTC — to 10000 in five years.,news,"PM e-Drive scheme: Electric buses to take Bengaluru fleet size to over 10,000 - The Times of India"
P99,To increase the fleet strength of BMTC — to 10000 in five years.,news,"KSRTC, BMTC finally plan to get back to pre-covid fleet strength - Bangalore Mirror"
P99,To increase the fleet strength of BMTC — to 10000 in five years.,news,"As private vehicles surpass 1 crore mark, BMTC fleet size shrinks - The Times of India"
P100,To increase the KSRTC fleet — to 15000 Busses in five years,news,Free bus travel for women: Karnataka needs to quickly add buses to cater to spike in demand - Moneycontrol.com
P101,To launch arural minibus program in collaboration with public participation,news,"Karnataka polls: Congress manifesto proposes tunnel roads, revival of elevated corridor project - Moneycontrol.com"
P102,To stop the mining Mafia and stop the loot of natural resources and make suitable changes to mining laws.,news,‘Only 3% of Congress manifesto promises fulfilled’: Report - The Indian Express
P103,ANNABHAGYA 10 kgs of free rice supply per person,news,Karnataka to provide 10 kg rice instead of cash under Anna Bhagya scheme - The News Minute
P103,ANNABHAGYA 10 kgs of free rice supply per person,news,"Karnataka to end cash transfers under Anna Bhagya, full 10 kg rice distribution from February: Report | Bengaluru - Hindustan Times"
P103,ANNABHAGYA 10 kgs of free rice supply per person,news,Karnataka to provide additional 5 kg rice instead of cash under Anna Bhagya from this month - The Hindu
P103,ANNABHAGYA 10 kgs of free rice supply per person,news,"Karnataka govt halts cash allowance, shifts to ‘10 kg rice’ for beneficiaries under Anna Bhagya scheme: Report - Mint"
P103,ANNABHAGYA 10 kgs of free rice supply per person,news,K’taka refusing Centre’s offer of Rs 22.5/kg of rice for Anna Bhagya: Joshi - The Times of India
P105,To fill up all the vacancies of teachers and staff in Government and aided Schools/Colleges within one year,news,Will request for extension of midday meal to govt. PU students in next Budget: Madhu Bangarappa - The Hindu
P105,To fill up all the vacancies of teachers and staff in Government and aided Schools/Colleges within one year,news,Karnataka extends Dasara holidays for government and aided schools to October 18 - The Times of India
P105,To fill up all the vacancies of teachers and staff in Government and aided Schools/Colleges within one year,news,"Maharashtra: 11,000 faculty posts lie vacant; Officials say governors, finance division at fault - Careers360"
P105,To fill up all the vacancies of teachers and staff in Government and aided Schools/Colleges within one year,news,Karnataka caste survey: Siddaramaiah announces school holidays for work completion; closed from October 8 - The Times of India
P105,To fill up all the vacancies of teachers and staff in Government and aided Schools/Colleges within one year,news,Lessons Unlearned in Bengaluru: Teacher Staffing and Training Issues Affecting Student Outcomes - Deccan Herald
P108,To establish Karnataka State Educational Financial Corporation with a seed money of Rs.2000 Crores for the purpose of bringing all State Scholarships in respect of all the categories under one umbrella for speedy and quick disbursement.,news,Top 100 companies in India for CSR and Sustainability in 2022 - The CSR Journal
P109,To increase the income limit from Rs.3.5 lakhs to Rs.5 Lakhs under RTE Act for eligibility for admission to schools.,news,HC modifies order on raising income threshold from Rs 1 lakh to Rs 5 lakh yearly to admit students under E - The Economic Times
P109,To increase the income limit from Rs.3.5 lakhs to Rs.5 Lakhs under RTE Act for eligibility for admission to schools.,news,How to get an RTE seat for a needy child in Bengaluru - Citizen Matters
P109,To increase the income limit from Rs.3.5 lakhs to Rs.5 Lakhs under RTE Act for eligibility for admission to schools.,news,"RTE Maharashtra Admission 2026-27: Last Date, Eligibility, Lottery Result - Careers360"
P110, To upgrade 2500 Government Schools as smart schools in the state.,news,"Special school teachers, parents to stage statewide protest over pay gaps - The Times of India"
P110, To upgrade 2500 Government Schools as smart schools in the state.,news,"With income ceiling, most in-service doctors remain ineligible for OBC quota PG medical seats - The Hindu"
P110, To upgrade 2500 Government Schools as smart schools in the state.,news,Tamil Nadu Government Speaks With a Forked Tongue On School Language — And Its Students Are Paying The Price - Swarajyamag
P110, To upgrade 2500 Government Schools as smart schools in the state.,news,Tamil Nadu Budget 2025-26 updates: Finance minister focuses on all-round development - The South First
P110, To upgrade 2500 Government Schools as smart schools in the state.,news,"Delhi budget 2025 highlights: CM presents maiden budget, says it’s roadmap for making Delhi self-reliant - The Hindu"
P112,To fill up vacancies of staffand doctors in all Government Hospitals.,news,Two key panels urge Karnataka government to align recruitments with changing economy - The Hindu
P112,To fill up vacancies of staffand doctors in all Government Hospitals.,news,"Government doctors, other health department staff demand revision of cadre and recruitment rules - Deccan Herald"
P112,To fill up vacancies of staffand doctors in all Government Hospitals.,news,Govt docs to shut OPDs in DK from Mar 11; total strike from Mar 16 if demands unmet - The Times of India
P112,To fill up vacancies of staffand doctors in all Government Hospitals.,news,"9,000 posts in health sector filled in 20 months, says A.P. Minister - The Hindu"
P112,To fill up vacancies of staffand doctors in all Government Hospitals.,news,Health min blames MLAs’ recommendations for doc vacancies in govt hospitals - The Times of India
P113,"To establish along all the national highways, a fully equipped trauma centre in every 100 KMs.",news,‘Only 3% of Congress manifesto promises fulfilled’: Report - The Indian Express
P113,"To establish along all the national highways, a fully equipped trauma centre in every 100 KMs.",news,Upcoming expressways in India - housing.com
P113,"To establish along all the national highways, a fully equipped trauma centre in every 100 KMs.",news,Karnataka Budget 2025: Key takeaways - Deccan Herald
P114,To extend Rashtriya Swasthya Bhima Yojna and bring all the health schemes under one umbrella and extend it to gig workers.,news,Karnataka Assembly polls 2023: What the manifestos of national parties promise - Citizen Matters
P114,To extend Rashtriya Swasthya Bhima Yojna and bring all the health schemes under one umbrella and extend it to gig workers.,news,"Congress Karnataka manifesto highlights: Increase in quota ceiling, a whistleblower protection act & ban on groups spreading hate - The Indian Express"
P116,"To establish one Jayadeva like Heart Hospital, Kidwai like Cancer Hospital and NIMHANS type Psychiatric Hospitals in each revenue Division.",news,‘Only 3% of Congress manifesto promises fulfilled’: Report - The Indian Express
P117,Puneeth Rajkumar Heart Health Scheme To offer subsidy to Doctors/ Clinics/Nursing Home to buy DEFIBRILLATOR (AED).,news,Karnataka Assembly polls 2023: What the manifestos of national parties promise - Citizen Matters
P117,Puneeth Rajkumar Heart Health Scheme To offer subsidy to Doctors/ Clinics/Nursing Home to buy DEFIBRILLATOR (AED).,news,Karnataka’s heart attack management programme is now ‘Puneeth Rajkumar Hrudaya Jyothi’ scheme - The Hindu
P117,Puneeth Rajkumar Heart Health Scheme To offer subsidy to Doctors/ Clinics/Nursing Home to buy DEFIBRILLATOR (AED).,news,"Karnataka Assembly Elections 2023 | Congress releases manifesto, promises to repeal ‘anti-people laws’ passed by BJP - The Hindu"
P118,"To ensure that all homeless families in Karnataka have a dwelling house under the existing schemes, within 5 years.",news,"Kogilu Demolition: Only 90 Families Likely To Qualify For Rehabilitation, Says Karnataka Minister - News18"
P118,"To ensure that all homeless families in Karnataka have a dwelling house under the existing schemes, within 5 years.",news,"Rajiv Gandhi Housing Scheme: Eligibility, Benefits, Documents and How to Apply in 2026 - Trade Brains"
P118,"To ensure that all homeless families in Karnataka have a dwelling house under the existing schemes, within 5 years.",news,"RGRHCL: Benefits, eligibility, beneficiary status 2025 check online - housing.com"
P118,"To ensure that all homeless families in Karnataka have a dwelling house under the existing schemes, within 5 years.",news,"In Modi govt’s ‘housing for all’: 83% homes not for landless poor, lopsided growth - Newslaundry"
P118,"To ensure that all homeless families in Karnataka have a dwelling house under the existing schemes, within 5 years.",news,BBMP Budget 2025-26 | Highlights - Deccan Herald
P119,To waive offall Housing Loans under various Government Housing Schemes as a onetime measure.,news,Congress manifesto promises to write off all student education loans - The Economic Times
P120,To increase State Government subsidy of Rs. 3.5 lakhs to housing projects of the poor,news,"Pradhan Mantri Awas Yojana 2026: Beneficiaries, online, offline application - housing.com"
P120,To increase State Government subsidy of Rs. 3.5 lakhs to housing projects of the poor,news,State to give additional ₹3.5 lakh per house for poor under PM Awas Yojana - The Hindu
P120,To increase State Government subsidy of Rs. 3.5 lakhs to housing projects of the poor,news,"Marine subsidies are a mess, say small scale fishers of southern Karnataka - Mongabay-India"
P120,To increase State Government subsidy of Rs. 3.5 lakhs to housing projects of the poor,news,12 lakh homeless families in Kerala - Deccan Chronicle
P120,To increase State Government subsidy of Rs. 3.5 lakhs to housing projects of the poor,news,Housing loan up to Rs. 5 lakh for poor minorities - The Hindu
P124,To provide house to all SC/ST families in the next five years. Government to build houses for SC/STs,news,Victims evicted from Kogilu to get alternative houses: Karnataka CM - The New Indian Express
P124,To provide house to all SC/ST families in the next five years. Government to build houses for SC/STs,news,Centre and Haryana govt committed to Antyodaya: CM Saini - The Times of India
P124,To provide house to all SC/ST families in the next five years. Government to build houses for SC/STs,news,"Pradhan Mantri Awas Yojana 2026: Beneficiaries, online, offline application - housing.com"
P124,To provide house to all SC/ST families in the next five years. Government to build houses for SC/STs,news,Alternative housing in Baiyyappanahalli for eligible families displaced from Kogilu Layout: CM Siddaramaiah - The Hindu
P124,To provide house to all SC/ST families in the next five years. Government to build houses for SC/STs,news,Attention Home Buyers! PM Awas Yojana (PMAY) Urban 2.0 Scheme Approved; Check Eligibility For Subsidy - India.Com
P126,To take action to fill all the backlog vacancies within one year.,news,Siddaramaiah promises to expedite recruitment amid job aspirant protests - The Economic Times
P126,To take action to fill all the backlog vacancies within one year.,news,"Govt job aspirants stage protests in Dharwad, demand filling of vacant posts - ThePrint"
P126,To take action to fill all the backlog vacancies within one year.,news,Discrimination against SC/ST professors in Bangalore University: CM seeks report from Principal Secretary of Higher Education - The Hindu
P126,To take action to fill all the backlog vacancies within one year.,news,"LIC AAO 2026 Recruitment for 841 Vacancies, Interview Dates Soon - Adda247"
P126,To take action to fill all the backlog vacancies within one year.,news,DMK steps up dalit outreach in TN - The Times of India
P133,To construct 50 new Ekalavya residential schools in the next five years,news,"About 600 Eklavya school students cracked IIT-JEE, NEET exams, says Centre - The Hindu"
P133,To construct 50 new Ekalavya residential schools in the next five years,news,Target to set up 728 EMRS benefitting 3.5 lakh ST students: Govt tells Parliament - Careers360
P133,To construct 50 new Ekalavya residential schools in the next five years,news,"Population criteria for new Eklavya schools ‘impractical’, says Parliamentary Committee - The Hindu"
P139,To increase the grants to all development Corporations and Boards.,news,Karnataka constitutes Gig Workers’ Welfare Board - The Hindu
P139,To increase the grants to all development Corporations and Boards.,news,"Karnataka govt approves Rs 18 crore allocation for preparing plan to upgrade 800 govt schools with Rs 3,200 crore outlay - The Indian Express"
P139,To increase the grants to all development Corporations and Boards.,news,"Bangalore Metro map, route, stations and upcoming lines 2026 - housing.com"
P139,To increase the grants to all development Corporations and Boards.,news,"After rolling out guarantees, Karnataka to hire consultant for ‘innovative capital funding’ in five... - Moneycontrol.com"
P139,To increase the grants to all development Corporations and Boards.,news,Karnataka to mandate local corporate social responsibility spending to support schools - The Times of India
P141,"To provide scholarships every year to 1000 SC/ST/OBC students, who secure PG seat at foreign universities.",news,Central University of Karnataka Admission through CUET PG 2024 - Shiksha.com
P141,"To provide scholarships every year to 1000 SC/ST/OBC students, who secure PG seat at foreign universities.",news,NEET PG Counselling 2025 Dates LIVE: MCC round 1 registration begins on mcc.nic.in; state-wise schedule - Careers360
P141,"To provide scholarships every year to 1000 SC/ST/OBC students, who secure PG seat at foreign universities.",news,"NTA CUET PG 2025: Counselling, Seat Allotment, Safe Score, Merit List & Cut Off Details - Shiksha.com"
P141,"To provide scholarships every year to 1000 SC/ST/OBC students, who secure PG seat at foreign universities.",news,Top Engineering Colleges Accepting CUET PG 2026 Score; Check NIRF Ranking and Topper List - Shiksha.com
P141,"To provide scholarships every year to 1000 SC/ST/OBC students, who secure PG seat at foreign universities.",news,"NEET PG 2025 Counselling LIVE: SC to hear transparency plea on Sep 12; TN, Gujarat registration underway - Careers360"
P142,"To enhance monthly fellowships from Rs.5,000 to Rs 10,000 for backward class students enrolled to PhD in state universities.",news,Year End Review 2018- Ministry of Human Resource Development - पीआईबी
P142,"To enhance monthly fellowships from Rs.5,000 to Rs 10,000 for backward class students enrolled to PhD in state universities.",news,"Karnataka, Telangana: List Of Government Scholarships; How To Apply - Careers360"
P142,"To enhance monthly fellowships from Rs.5,000 to Rs 10,000 for backward class students enrolled to PhD in state universities.",news,"West Bengal, Bihar State Scholarship List: Eligibility, How To Apply, Official Websites - Careers360"
P142,"To enhance monthly fellowships from Rs.5,000 to Rs 10,000 for backward class students enrolled to PhD in state universities.",news,"National Scholarship Portal 2025-26: NSP 2.0 Portal, Fees, Eligibility, Last Date, Application Status - Careers360"
P143,To establish Tigala Development Board.,news,Funds for only 7 out of 24 caste-based corps in Karnataka - Deccan Herald
P143,To establish Tigala Development Board.,news,Explained: Karnataka’s Brahmin Development Board and its two schemes for brides - The Indian Express
P147,To offer Rs.2000 Every month to each and every women head of the family GRUHA LAKSHMI project,news,"‘Lottery for women, men left in lurch’: Congress MLA mocks Karnataka govt's 5 guarantees; former minister - The Times of India"
P147,To offer Rs.2000 Every month to each and every women head of the family GRUHA LAKSHMI project,news,Gruha Jyothi- Siddaramaiah govt launch free power scheme in Karnataka - Utkarsh Classes
P147,To offer Rs.2000 Every month to each and every women head of the family GRUHA LAKSHMI project,news,"Congress's Rs 2,000/Month Promise For ""Women Head Of Family"" In Karnataka - NDTV"
P147,To offer Rs.2000 Every month to each and every women head of the family GRUHA LAKSHMI project,news,"Gruha Lakshmi Scheme to be launched today, here's all you need to know about the scheme - Moneycontrol.com"
P147,To offer Rs.2000 Every month to each and every women head of the family GRUHA LAKSHMI project,news,Karnataka's Gruha Lakshmi Scheme: Registrations begin from July 19; a step-by-step guide to apply for the scheme - Zee Business
P148,"To support 5,000 women entrepreneurs every year for entrepreneurial development.",news,"Karnataka Budget proposes new hostels, minority residential schools and education support schemes - The Hindu"
P148,"To support 5,000 women entrepreneurs every year for entrepreneurial development.",news,Women Entrepreneurs Felicitated At Women’s Day Event - Deccan Chronicle
P148,"To support 5,000 women entrepreneurs every year for entrepreneurial development.",news,"Karnataka budget unveils Rs 1,386 crore K-QUEST project to upgrade skill training ecosystem - Moneycontrol.com"
P148,"To support 5,000 women entrepreneurs every year for entrepreneurial development.",news,Union Budget 2026: Full List of Government Schemes Announced By Finance Minister - ClearTax
P148,"To support 5,000 women entrepreneurs every year for entrepreneurial development.",news,"Nitish to transfer Rs 5,000cr to 50 lakh women under 'Mukhyamantri Mahila Rozgar Yojana' on September 22 - The Times of India"
P151,"To provide Rs.50 lakhs grant to the Grama Panchayaths which elect women as the Chairperson, over looking specific reservations",news,Strengthening Panchayati Raj Institutions in India - Drishti IAS
P153,"The Congress Party is committed to the welfare of all citizens and groups, including minorities, as per the Constitution of India. Accordingly, the allocation of funds for the minority welfare — Muslim, Christian, Jain, Buddhists and others, would be increased to Rs. 10,000 Cr",news,The BJP in Power: Indian Democracy and Religious Nationalism - Carnegie Endowment for International Peace
P153,"The Congress Party is committed to the welfare of all citizens and groups, including minorities, as per the Constitution of India. Accordingly, the allocation of funds for the minority welfare — Muslim, Christian, Jain, Buddhists and others, would be increased to Rs. 10,000 Cr",news,"Citizens and the State: Policing, Impunity, and the Rule of Law in India - The Hindu Centre for Politics and Public Policy"
P156,To provide Self-employment grants for taking up small business to all Gender Minorities upto Rs.2 lakhs.,news,A Decade of Growth with PM Mudra Yojana - पीआईबी
P156,To provide Self-employment grants for taking up small business to all Gender Minorities upto Rs.2 lakhs.,news,List of Women Empowerment Schemes in India 2026 - ClearTax
P158,Recruitment of additional Pourakarmikas.,news,Appointment letters handed over to pourakarmikas in Mysuru city - The Hindu
P158,Recruitment of additional Pourakarmikas.,news,Karnataka govt to grant permanent employment for civic workers on May 1 - The News Minute
P158,Recruitment of additional Pourakarmikas.,news,Pourakarmika services to be regularised from May 1 - The Times of India
P158,Recruitment of additional Pourakarmikas.,news,Karnataka CM Siddaramaiah announces regularisation of jobs for pourakarmikas - The South First
P158,Recruitment of additional Pourakarmikas.,news,Jobs of 12K pourakarmikas to be regularised on May 1: CM Siddaramaiah - Deccan Herald
P159,To offer Hazardous pay and insurance cover of Rs. 10 Lakh to each,news,"Karnataka passes bill to provide social security for gig workers, mandates welfare fee on aggregators - The New Indian Express"
P159,To offer Hazardous pay and insurance cover of Rs. 10 Lakh to each,news,These workers will get gratuity after 1 year instead of 5 years; more benefits for other workers under new - The Economic Times
P159,To offer Hazardous pay and insurance cover of Rs. 10 Lakh to each,news,UPSC Mains Current Affairs for 27 October 2025 - Vajiram & Ravi
P159,To offer Hazardous pay and insurance cover of Rs. 10 Lakh to each,news,8 ways employees will benefit from the implementation of new Labour Codes - The Economic Times
P159,To offer Hazardous pay and insurance cover of Rs. 10 Lakh to each,news,How Healthy is Health Insurance? - The India Forum
P164,To offer free Pilgrimage to one of the 15 holy places of Karnataka and one of the 10 holy places of India once in two years.,news,Beyond Mumbai & Goa: How India’s tourism map is quietly changing - The Times of India
P164,To offer free Pilgrimage to one of the 15 holy places of Karnataka and one of the 10 holy places of India once in two years.,news,Devotees throng temples in coastal districts of Karnataka for Mahashivaratri - The Times of India
P164,To offer free Pilgrimage to one of the 15 holy places of Karnataka and one of the 10 holy places of India once in two years.,news,"List of Indian States, Union Territories and Capitals In India Map - Maps of India"
P164,To offer free Pilgrimage to one of the 15 holy places of Karnataka and one of the 10 holy places of India once in two years.,news,"Mahakumbh 2025: A Spectacle of Faith, Unity, and Tradition - पीआईबी"
P164,To offer free Pilgrimage to one of the 15 holy places of Karnataka and one of the 10 holy places of India once in two years.,news,The BJP in Power: Indian Democracy and Religious Nationalism - Carnegie Endowment for International Peace
P165,"To increase the one-time subsidy provided to senior citizens from Karnataka for pilgrimages to Kashi, Mathura and Kailash Mansarovar Yatra. ",news,"How state govts sponsor pilgrims to Haridwar, Ajmer or Jerusalem - The Indian Express"
P166,To provide Rs.3 lakhs interest free loan to take up self-employment to the diabled women.,news,Press Note Details: Press Information Bureau - पीआईबी
P166,To provide Rs.3 lakhs interest free loan to take up self-employment to the diabled women.,news,Get Up to ₹1.5 Lakh Loan Subsidy from Govt If You Are Woman Entrepreneur in Karnataka: Explained - Trade Brains
P166,To provide Rs.3 lakhs interest free loan to take up self-employment to the diabled women.,news,Canara Bank Personal Loan Interest Rate 2025 - ClearTax
P166,To provide Rs.3 lakhs interest free loan to take up self-employment to the diabled women.,news,How to fill Pradhan Mantri Awas Yojana form online and offline? - housing.com
P166,To provide Rs.3 lakhs interest free loan to take up self-employment to the diabled women.,news,"In poll-bound Bihar, Nitish Kumar increases pension to ₹1,100 per month from ₹400 - The Hindu"
P168,To provide free bus pass and to one accompanying person.,news,Free travel scheme for differently-abled persons to be launched in A.P. on March 18 - The Hindu
P168,To provide free bus pass and to one accompanying person.,news,CM to launch ‘Divyang Shakti’ scheme today - The Hans India
P168,To provide free bus pass and to one accompanying person.,news,The Government of India is not launching a free travel scheme for senior citizens from 15 June 2025 - FACTLY
P168,To provide free bus pass and to one accompanying person.,news,Mind the Gap: How free bus rides are changing the lives of women | Hindustan Times - Hindustan Times
P168,To provide free bus pass and to one accompanying person.,news,Buy ‘Made in UP’ e-buses: CM Yogi to transport dept brass - The Times of India
P169,"To Set up Karnataka Institute of Speech and Hearing, similar to the All India Institute of Speech and Hearing in all revenue divisions of Karnataka. ",news,Budget 2026 disappoints Kerala; 16th Finance Commission raises State’s tax share - The Hindu
P169,"To Set up Karnataka Institute of Speech and Hearing, similar to the All India Institute of Speech and Hearing in all revenue divisions of Karnataka. ",news,"General Election to Legislative Assembly of Karnataka, 2023 -reg. - पीआईबी"
P169,"To Set up Karnataka Institute of Speech and Hearing, similar to the All India Institute of Speech and Hearing in all revenue divisions of Karnataka. ",news,Top 10 companies for CSR in Healthcare in India 2023 - The CSR Journal
P169,"To Set up Karnataka Institute of Speech and Hearing, similar to the All India Institute of Speech and Hearing in all revenue divisions of Karnataka. ",news,"Karnataka CM Siddaramaiah presents his record 16th Budget, with an outlay of ₹4,09,549 crore - The South First"
P169,"To Set up Karnataka Institute of Speech and Hearing, similar to the All India Institute of Speech and Hearing in all revenue divisions of Karnataka. ",news,"Candidates can write the railway recruitment exam in Kannada, says Somanna - The Hindu"
P172,"To make special scheme for providing land, house and site to ex-servicemen and to exempt from House Tax, Water Tax and upto Rs.2,000 Electricity Bill for their own residences.",news,"CIDCO Lottery 2025 to offer 22,000 houses in Navi Mumbai. How to apply for the lottery online? - housing.com"
P172,"To make special scheme for providing land, house and site to ex-servicemen and to exempt from House Tax, Water Tax and upto Rs.2,000 Electricity Bill for their own residences.",news,"RGRHCL: Benefits, eligibility, beneficiary status 2025 check online - housing.com"
P175,To Create a separate Ministry to take care of the affairs of NRI Kannadigas.,news,"Pradhan Mantri Awas Yojana 2026: Beneficiaries, online, offline application - housing.com"
P175,To Create a separate Ministry to take care of the affairs of NRI Kannadigas.,news,Union Minister Pralhad Joshi felicitated by Dubai Kannada Sangha - The Hans India
P175,To Create a separate Ministry to take care of the affairs of NRI Kannadigas.,news,Karnataka govt to create separate ministry for NRI Kannadigas | Bengaluru - Hindustan Times
P177,To maintain a database of youth who are unable to secure a job within 180 days of college graduation. To provide an 'Unemployment Allowance' of Rs. 3000 per month to all registered graduates and Rs.1500/- to Diploma holders - YUVANIDHI,news,Fear of dole loss keeps youth from Yuva Nidhi skill courses in Karnataka - The Times of India
P177,To maintain a database of youth who are unable to secure a job within 180 days of college graduation. To provide an 'Unemployment Allowance' of Rs. 3000 per month to all registered graduates and Rs.1500/- to Diploma holders - YUVANIDHI,news,"Yuva Nidhi Scheme Karnataka: Eligibility, Registration, How To Apply Online, Benefits - ClearTax"
P179,To provide free bus passes and train tickets to the candidates taking up competitive examinations.,news,"Mumbai civic polls: Mahayuti releases manifesto, promises bus concessions for women among other benefits - The Hindu"
P179,To provide free bus passes and train tickets to the candidates taking up competitive examinations.,news,RRB NTPC 2025 stage 1 CBT exam rescheduled again: Check new dates here - The Times of India
P180,To ensure 80% in jobs in Karnataka to local people in both Public and Private,news,"Corporates in Gujarat Defy Local Jobs Policy, RTI Finds - Frontline Magazine"
P180,To ensure 80% in jobs in Karnataka to local people in both Public and Private,news,"10 years on, special status a mixed bag for Kalyana Karnataka - The Times of India"
P180,To ensure 80% in jobs in Karnataka to local people in both Public and Private,news,"Karnataka jobs reservation for Kannadigas: India Inc says move 'discriminatory', calls for it to be junked - The Economic Times"
P180,To ensure 80% in jobs in Karnataka to local people in both Public and Private,news,Reserve jobs for Tamils in Tamil Nadu as promised: Anbumani - The Hindu
P180,To ensure 80% in jobs in Karnataka to local people in both Public and Private,news,Karnataka's 70% jobs quota for locals faces criticism; phenomenon not limited to the state - The Economic Times
P181,To Constitute a Youth Commission to facilitate the overall development of youth,news,Strengthening Panchayati Raj Institutions in India - Drishti IAS
P182,To allot Rs.2000 crores per year for sports.,news,Will change landscape of Kalaburagi in the next two-and-a-half years: Karnataka Minister - The Hindu
P182,To allot Rs.2000 crores per year for sports.,news,Delhi Plugs Into EV 2.0 With PM E-Drive - The Times of India
P182,To allot Rs.2000 crores per year for sports.,news,Karnataka Budget 2025: Key takeaways - Deccan Herald
P182,To allot Rs.2000 crores per year for sports.,news,"Centre denies funds for MP’s Jal Jeevan Mission: State govt to allocate ₹9,026 crore for completing over 8,... - Bhaskar English"
P182,To allot Rs.2000 crores per year for sports.,news,"Karnataka eyes Rs 2,000 crore boost in CSR funds for transforming govt schools - The Indian Express"
P183,"To start an exclusive Sports University in Mysuru and make Karnataka a World-Class sports hub. And, to build an International Sports Complex in Mysuru exclusively for traditional sports.",news,Godrej Brings Smart Lock Demos to Mysore Retail Hub - Indian Retailer
P184,"To identify 1,000 budding Sports talents every year from across the state and provide them financial assistance. ",news,‘Work near home’ project to be extended to 200 centres next year - The Times of India
P184,"To identify 1,000 budding Sports talents every year from across the state and provide them financial assistance. ",news,Bihar CM expands self-help allowance scheme to cover unemployed young graduates - The Hindu
P184,"To identify 1,000 budding Sports talents every year from across the state and provide them financial assistance. ",news,Budget 2026–27 Full Speech: Read the complete text of FM Nirmala Sitharaman’s address - The Financial Express
P184,"To identify 1,000 budding Sports talents every year from across the state and provide them financial assistance. ",news,Maharashtra NMMS result 2026 out; MSCE Pune releases Class 8 scholarship merit list at 2026.mscenmms.in - The Times of India
P184,"To identify 1,000 budding Sports talents every year from across the state and provide them financial assistance. ",news,Sports sector bats for access & infra - The Times of India
P195,"To aid and strengthen minority languages like Pali, Prakrit, Tulu, Konkani, Kodava, Byari, and Urdu.",news,"BJP’s narrative on Rs 100 crore grant for Urdu is misleading, communal: Siddaramaiah - The Times of India"
P198,To create a freedom memorial and theme park at Belgavi to commemorate the 1924 Congress Session- [the session presided over by Mahatma Gandhil.,news,Gandhi Bharat event in Belagavi to garner national attention - The Times of India
P198,To create a freedom memorial and theme park at Belgavi to commemorate the 1924 Congress Session- [the session presided over by Mahatma Gandhil.,news,Mahatma Swachh Bharat: ‘Born in year Gandhi died… cleaning all my life’ - The Indian Express
P199,To Set up Festival Authority of Karnataka.,news,Karnataka government holiday list 2026 released: Full list of general and restricted holidays for state go - The Economic Times
P199,To Set up Festival Authority of Karnataka.,news,State mulls new sandbox plan for tech startups but industry veterans sceptical - The Times of India
P199,To Set up Festival Authority of Karnataka.,news,Dasara symbolises women’s pride and strength: Karnataka Minister - The Hindu
P199,To Set up Festival Authority of Karnataka.,news,All about Karnataka’s auto land conversion plan: What the reform means for homebuyers and Bengaluru real estate market | Real Estate News - Hindustan Times
P199,To Set up Festival Authority of Karnataka.,news,Mysuru Dasara 2025: MCC Launches Rs 9.48 Cr Civil Works Ahead of Festivities - Deccan Herald
P214,To provide Rs. 1 crore grant for the development of the unique Kodava Culture.,news,Why is the Karnataka government giving priority to Urdu over Kannada? State language is neglected while Siddaramaiah tries to divert the truth - HinduPost
P214,To provide Rs. 1 crore grant for the development of the unique Kodava Culture.,news,Karnataka Interim Budget 2024-25: Key Highlights - Oneindia
P214,To provide Rs. 1 crore grant for the development of the unique Kodava Culture.,news,"Kodava Heritage Centre to be Kodagu’s window to the world, hence a rich asset - starofmysore.com"
P216,To increase monthly grants to Muzarai temples.,news,Archakas’ federation demands increase in thasthik in Karnataka - The Hindu
P216,To increase monthly grants to Muzarai temples.,news,Temple priests urge Governor Thaawarchand Gehlot to approve muzrai reforms - The New Indian Express
P216,To increase monthly grants to Muzarai temples.,news,Karnataka Government Notifies Order Prohibiting Use Of Temple Funds For Non-Hindu Religious Institutions - Swarajyamag
P216,To increase monthly grants to Muzarai temples.,news,Temple priests outraged as guv returns welfare bill twice - The Times of India
P216,To increase monthly grants to Muzarai temples.,news,Karnataka government to directly pay salaries of temple employees - The Hindu
P221,"To reserve Rs.5,000 Crores every year for the infrastructure development of Kalyana Karnataka.",news,Special cabinet meeting OKs Rs 11k-crore package for Kalyana-Karnataka region - The Times of India
P221,"To reserve Rs.5,000 Crores every year for the infrastructure development of Kalyana Karnataka.",news,"Karnataka government allocates Rs 5,000 crore for Kalyana Karnataka region development - The New Indian Express"
P221,"To reserve Rs.5,000 Crores every year for the infrastructure development of Kalyana Karnataka.",news,"Karnataka CM Proposes ₹ 5,000 Crore Schemes for Kalyana Karnataka Region - Deccan Chronicle"
P221,"To reserve Rs.5,000 Crores every year for the infrastructure development of Kalyana Karnataka.",news,'Arogya Avishkara' scheme launched to strengthen healthcare services in backward Kalyana Karnataka region - Social News XYZ
P221,"To reserve Rs.5,000 Crores every year for the infrastructure development of Kalyana Karnataka.",news,"Kalaburagi to be developed into smart city with Rs 1,685 cr investment: Karnataka CM Siddaramaiah - The Economic Times"
P222,To establish a textile park at Bellary with an investment of rs. 5000 Cr.,news,"Kalaburagi to be developed into smart city with Rs 1,685 cr investment: Karnataka CM Siddaramaiah - The Economic Times"
P222,To establish a textile park at Bellary with an investment of rs. 5000 Cr.,news,Karnataka Budget: New textile policy aims to create 2 lakh jobs - Moneycontrol.com
P222,To establish a textile park at Bellary with an investment of rs. 5000 Cr.,news,Committed to development of region”: Karnataka CM Siddaramaiah on Kalyana Karnataka Utsav - Country and Politics
P222,To establish a textile park at Bellary with an investment of rs. 5000 Cr.,news,Overview of Karnataka Budget 2023-24 - NammaKPSC
P223,To provide special package for de-silting of Tungabhadra Dam,news,"Karnataka Budget 2026: Navali Balancing Reservoir mentioned, but project remains on paper - The Hindu"
P223,To provide special package for de-silting of Tungabhadra Dam,news,"2025: Silt accumulation in Indian Dams: Reducing entry of silt is the only viable option - South Asia Network on Dams, Rivers and People"
P223,To provide special package for de-silting of Tungabhadra Dam,news,"After 10-yr delay, Karnataka govt to begin constructing Tungabhadra balancing dam - The News Minute"
P223,To provide special package for de-silting of Tungabhadra Dam,news,Karnataka Dams Silt: Storage Shrinking Due to Silt Build-up - Deccan Herald
P223,To provide special package for de-silting of Tungabhadra Dam,news,Karnataka pressurises AP for supplementary reservoir across Tungabhadra - Deccan Chronicle
P224,To grant ®1 crore to every gram panchayat for taking up development projects,news,"Karnataka fears Rs 5,000 crore grant cut under new jobs scheme - The Times of India"
P224,To grant ®1 crore to every gram panchayat for taking up development projects,news,How to fill Pradhan Mantri Awas Yojana form online and offline? - housing.com
P224,To grant ®1 crore to every gram panchayat for taking up development projects,news,Strengthening Panchayati Raj Institutions in India - Drishti IAS
P224,To grant ®1 crore to every gram panchayat for taking up development projects,news,"RGRHCL: Benefits, eligibility, beneficiary status 2025 check online - housing.com"
P224,To grant ®1 crore to every gram panchayat for taking up development projects,news,"Karnataka to set up 6,500 public and 5,000 nursery schools: Minister - The Hindu"
P226,To fill up of all vacancies including back log vacancies in Kalayana Karnataka Region within a year of forming the Government by Congress Party.,news,"Finally, a State Education Policy for Karnataka, but yet to be implemented - The Hindu"
P226,To fill up of all vacancies including back log vacancies in Kalayana Karnataka Region within a year of forming the Government by Congress Party.,news,Govind Rao panel to assess development in Kalyana Karnataka region next month - The Hindu
P226,To fill up of all vacancies including back log vacancies in Kalayana Karnataka Region within a year of forming the Government by Congress Party.,news,Congress releases 10-point plan ahead of Karnataka assembly election | Bengaluru - Hindustan Times
P226,To fill up of all vacancies including back log vacancies in Kalayana Karnataka Region within a year of forming the Government by Congress Party.,news,CPI State-level conference passes 11 resolutions - The Hindu
P226,To fill up of all vacancies including back log vacancies in Kalayana Karnataka Region within a year of forming the Government by Congress Party.,news,"Article 371(J) is Kharge’s gift to Kalyana Karnataka, says Deputy Chief Minister D.K. Shivakumar - The Hindu"
P228,To build 2500 new classrooms and fill up all vacancies of teachers.,news,"Karnataka Budget 2026-27: Social media ban, IIT-level university in Bengaluru - Careers360"
P228,To build 2500 new classrooms and fill up all vacancies of teachers.,news,Haryana govt school students turn classrooms into startup labs - The Times of India
P228,To build 2500 new classrooms and fill up all vacancies of teachers.,news,'Schools built under CSR may be named after firms': CM Siddaramaiah - The New Indian Express
P228,To build 2500 new classrooms and fill up all vacancies of teachers.,news,"Karnataka budget 2025: Govt to start 500 new public schools at Rs 2,500 crore - The News Minute"
P228,To build 2500 new classrooms and fill up all vacancies of teachers.,news,Karnataka Budget 2025: Key takeaways - Deccan Herald
P231,To form 'Mahadayi Irrigation Development Corporation exclusively for the region.,news,"A slew of projects remain pending, moving at a snail’s pace across Karnataka - The New Indian Express"
P233,To set up one 'pulses and dal procurement centre’ in every district.,news,District task force clears procurement of toor dal under MSP in Kalaburagi - The Hindu
P233,To set up one 'pulses and dal procurement centre’ in every district.,news,'Delay pushing farmers to distress': Karnataka CM Siddaramaiah urges PM Narendra Modi to approve immediat - The Times of India
P233,To set up one 'pulses and dal procurement centre’ in every district.,news,India’s Mission for Aatmanirbharta in Pulses - पीआईबी
P233,To set up one 'pulses and dal procurement centre’ in every district.,news,Mid-Day Meal Scheme: Objectives and Features - Vajiram & Ravi
P233,To set up one 'pulses and dal procurement centre’ in every district.,news,"Register for tur procurement, farmers urged - The Times of India"
P238,To review Kasturi Rangan Report and to frame New Western Ghat Policy for Forest and Environmental protection.,news,Western Ghats Eco-Sensitive Area - Drishti IAS
P238,To review Kasturi Rangan Report and to frame New Western Ghat Policy for Forest and Environmental protection.,news,"How Modi Govt Gave Early Permissions For Rs 19,000-Cr Adani Energy Projects In India’s Oldest Forests - article-14.com"
P238,To review Kasturi Rangan Report and to frame New Western Ghat Policy for Forest and Environmental protection.,news,Kasturirangan report: Breather for Karnataka as Centre orders physical land survey - The Federal
P238,To review Kasturi Rangan Report and to frame New Western Ghat Policy for Forest and Environmental protection.,news,Explained: Why implementation of the recommendations of Kasturirangan Committee in Western Ghats is important - The Indian Express
P238,To review Kasturi Rangan Report and to frame New Western Ghat Policy for Forest and Environmental protection.,news,"Karnataka is ignoring Western Ghats UNESCO tag and 6 central notices—to build, build, build - ThePrint"
P240,To make Mangaluru internationally competitive IT centre to increase employment opportunities and establish an IT Park.,news,"State plans technology park in Mangaluru to meet working capacity of 3,500 people, says Priyank Kharge - The Hindu"
P240,To make Mangaluru internationally competitive IT centre to increase employment opportunities and establish an IT Park.,news,"Karnataka Budget 2025-26: AI, Deep Tech, and Semiconductor Push Unlocks Major Business Opportunities - Elets Technomedia"
P240,To make Mangaluru internationally competitive IT centre to increase employment opportunities and establish an IT Park.,news,Karnataka Budget 2025: Key takeaways - Deccan Herald
P240,To make Mangaluru internationally competitive IT centre to increase employment opportunities and establish an IT Park.,news,Investing in India’s IT Sector: Opportunities for Foreign Companies - India Briefing
P240,To make Mangaluru internationally competitive IT centre to increase employment opportunities and establish an IT Park.,news,"Tamil Nadu, Karnataka, among 7 States to get textile parks - The Hindu"
P244,To provide a Permanent dredging Machine to Mangaluru Fisheries Port,news,Coastal legislators seek higher budget allocation for integrated development - The Hans India
P245,"To set up two Fish Processing Parks in each of the coastal districts (Uttara Kannada, Dakshina Kannada and Udupi) and to set up required number of cold storage units to store marine products.",news,Karnataka: Power Crisis Takes a Toll on Fishermen; ice Production Hits All-Time Low - newsclick.in
P246,To construct new ring road to Mandya.,news,"Court cannot examine correctness of route for metro line, says Karnataka HC - The Hindu"
P246,To construct new ring road to Mandya.,news,"Chennai to Mysore bullet train route, stations and real estate impact - housing.com"
P246,To construct new ring road to Mandya.,news,How to register for MUDA e-auction in Mysore? - housing.com
P246,To construct new ring road to Mandya.,news,Mandya minister calls for comprehensive city development plan - The Times of India
P246,To construct new ring road to Mandya.,news,"Urban Transit Boost: Shivakumar Seeks ₹1.5 Lakh Cr for Bengaluru RRTS Lines, Tunnel Road - Deccan Herald"
P247,To invest Rs.5000 crores for the overall development of Mysuru Karnataka.,news,Union Budget’s City Economic Regions plan offers Karnataka’s tier-2 cities a way out of Bengaluru’s shado - The Times of India
P247,To invest Rs.5000 crores for the overall development of Mysuru Karnataka.,news,DK Shivakumar pitches Bengaluru as global tech hub with Rs 1 lakh crore infra plan - The Federal
P247,To invest Rs.5000 crores for the overall development of Mysuru Karnataka.,news,"Bengaluru set for massive infrastructure overhaul; Sky-deck, airport, AI-city and much more - The Financial Express"
P247,To invest Rs.5000 crores for the overall development of Mysuru Karnataka.,news,"Karnataka tech push: New IT policy rolled out; Rs 50,000 perk for firms moving talent beyond Bengaluru - The Times of India"
P247,To invest Rs.5000 crores for the overall development of Mysuru Karnataka.,news,"Mandya dist secured over Rs 10,000 crore for development work: Minister - The Times of India"
P248,To rejuvenate Mysugar Factory and to plan and establish new sugar factories in Mandya,news,200 acres available for Brindavan Gardens upgradation project: Karnataka Deputy CM - The Hindu
P248,To rejuvenate Mysugar Factory and to plan and establish new sugar factories in Mandya,news,Sweetener for sugar factories: Govt may call for tenders in a month - The New Indian Express
P248,To rejuvenate Mysugar Factory and to plan and establish new sugar factories in Mandya,news,Mysuru: Operations resume at Mysugar factory after four years - The Times of India
P248,To rejuvenate Mysugar Factory and to plan and establish new sugar factories in Mandya,news,‘MySUGAR’ on the brink of closure By Nagaiah Lalanakere - starofmysore.com
P250,"To start an exclusive Sports University in Mysuru and make it as a World-Class sports hub. And, to build an International Sports Complex in Mysuru.",news,‘Khelo India’ boost for Mandya as Centre okays multi-purpose sports facility - The Hindu
P250,"To start an exclusive Sports University in Mysuru and make it as a World-Class sports hub. And, to build an International Sports Complex in Mysuru.",news,"Bengaluru’s big leap into global sports: India’s 2nd largest international cricket stadium coming up in Anekal; Rs 2,350 crore mega project on 75 acres, 80,000 seats with multi-event venue; OC exemptions extended statewide - The Times of India"
P250,"To start an exclusive Sports University in Mysuru and make it as a World-Class sports hub. And, to build an International Sports Complex in Mysuru.",news,Mysuru to get multidisciplinary sports complex with velodrome and academies - The Times of India
P250,"To start an exclusive Sports University in Mysuru and make it as a World-Class sports hub. And, to build an International Sports Complex in Mysuru.",news,Karnataka Budget | CM Siddaramaiah announces slew of projects for Mysuru - Deccan Herald
P250,"To start an exclusive Sports University in Mysuru and make it as a World-Class sports hub. And, to build an International Sports Complex in Mysuru.",news,CM Revanth Reddy seeks Rs 100 crore Centre grant to boost sports infrastructure in Telangana; eyes hostin - The Times of India
P251,"To enact a comprehensive legislation exclusively for the management of BBMP bringing all service providers such as Water Supply and sewage, transport, housing, power and development authorities, under a single agency",news,Congress manifesto’s promise of new BBMP law likely to delay civic polls in Bengaluru - The Hindu
P251,"To enact a comprehensive legislation exclusively for the management of BBMP bringing all service providers such as Water Supply and sewage, transport, housing, power and development authorities, under a single agency",news,"BJP promises State Capital Region in Bengaluru, but how will that help? - The News Minute"
P251,"To enact a comprehensive legislation exclusively for the management of BBMP bringing all service providers such as Water Supply and sewage, transport, housing, power and development authorities, under a single agency",news,Will public transport fare hike trigger more traffic chaos in Bengaluru? - Moneycontrol.com
P252,"To construct North South, South-east long elevated flyovers with necessary wings ease the traffic.",news,Karnataka Assembly polls 2023: What the manifestos of national parties promise - Citizen Matters
P253,"To get all pending metro projects completed under Phase 2, Phase 2A, Phase 2B within one year of coming to power. To strive to get approval and completion of Phase 3 and Phase 4 in the next five years and to extend Metro upon Tumkuru, Vasanta Narasapura Industrial Hub. ",news,Is Bengaluru’s Metro Phase 2 almost ready? Here’s a progress report - Citizen Matters
P253,"To get all pending metro projects completed under Phase 2, Phase 2A, Phase 2B within one year of coming to power. To strive to get approval and completion of Phase 3 and Phase 4 in the next five years and to extend Metro upon Tumkuru, Vasanta Narasapura Industrial Hub. ",news,"Bengaluru Could Boast Of Nearly 400 km Of Metro, Suburban Rail Network By 2030 As Union Govt Approves Namma Metro Phase 3 - Swarajyamag"
P253,"To get all pending metro projects completed under Phase 2, Phase 2A, Phase 2B within one year of coming to power. To strive to get approval and completion of Phase 3 and Phase 4 in the next five years and to extend Metro upon Tumkuru, Vasanta Narasapura Industrial Hub. ",news,"Layoff Tracker: Gossamer, BiomX Reveal Hefty Staff Cuts - BioSpace"
P253,"To get all pending metro projects completed under Phase 2, Phase 2A, Phase 2B within one year of coming to power. To strive to get approval and completion of Phase 3 and Phase 4 in the next five years and to extend Metro upon Tumkuru, Vasanta Narasapura Industrial Hub. ",news,Explainer: Know your rights if BMRCL wants your land or home to make way for the Metro - Citizen Matters
P253,"To get all pending metro projects completed under Phase 2, Phase 2A, Phase 2B within one year of coming to power. To strive to get approval and completion of Phase 3 and Phase 4 in the next five years and to extend Metro upon Tumkuru, Vasanta Narasapura Industrial Hub. ",news,"Namma Metro Updates: Trials Begin On Baiyappanahalli-Whitefield Line, ORR-Airport Metro Phase 2A To Open In Jun 2025, 2B In Sep 2025 - Swarajyamag"
P254,To establish Mega Bengaluru Planning Committee.,news,"The Greater Bengaluru Governance Act, 2024: Recasting Tools of Decision-Making in the Megacity - orfonline.org"
P254,To establish Mega Bengaluru Planning Committee.,news,Left student organisations condemn KPS magnet scheme - The Hindu
P254,To establish Mega Bengaluru Planning Committee.,news,State moves to build 24k-acre industrial land bank near Bengaluru to attract investors - The Times of India
P254,To establish Mega Bengaluru Planning Committee.,news,"Bengaluru’s biggest upgrade ever? Karnataka unveils Rs 1 lakh crore plan with mega tunnels, double-decker - The Economic Times"
P254,To establish Mega Bengaluru Planning Committee.,news,Farmers rise in protest against massive land acquisition plan - The Hans India
P255,Construction of tunnel roads in CBD area to decongest traffic on PPP Model,news,Karnataka Assembly polls 2023: What the manifestos of national parties promise - Citizen Matters
P257,To bring out a new Policy to develop the residential and commercial infrastructure around the outer ring roads.,news,"Bangalore Metro map, route, stations and upcoming lines 2026 - housing.com"
P257,To bring out a new Policy to develop the residential and commercial infrastructure around the outer ring roads.,news,"Bengaluru's Mega Makeover? Karnataka Govt Unveils Rs 1 Lakh Crore Plan With AI City, New Airport - NDTV Profit"
P257,To bring out a new Policy to develop the residential and commercial infrastructure around the outer ring roads.,news,Building Bengaluru 2.0: City bets whopping Rs 1.5 lakh crore on its infrastructure - The Times of India
P257,To bring out a new Policy to develop the residential and commercial infrastructure around the outer ring roads.,news,9000 Acres Within Hyderabad ORR Set To Be Unlocked As Telangana Govt Brings Policy To Convert Industrial Land For Multi-Purpose Development - Swarajyamag
P257,To bring out a new Policy to develop the residential and commercial infrastructure around the outer ring roads.,news,No congestion tax in Bengaluru. DK Shivakumar says infra projects will ease traffic - India Today
P259,"To create a system for seamless integration of Namma Metro, Suburban Rail",news,"Karnataka floats tender to hire consultant to implement ‘One Nation, One Card’ for state-run buses - Moneycontrol.com"
P259,"To create a system for seamless integration of Namma Metro, Suburban Rail",news,Bengaluru Sub-Urban Rail Project: A new era of Advance Transport System - Metro Rail News
P259,"To create a system for seamless integration of Namma Metro, Suburban Rail",news,DPR work starts for proposed Bengaluru–Tumakuru metro line - The Hindu
P259,"To create a system for seamless integration of Namma Metro, Suburban Rail",news,The Tunnel To Nowhere? Decoding The Infra Tussle Between Tejasvi Surya And DK Shivakumar - Swarajyamag
P259,"To create a system for seamless integration of Namma Metro, Suburban Rail",news,"Bangalore Metro Purple Line: Stations, route, map and timings 2025 - housing.com"
P260,Projects and Public Transportation Systems named after Puttanna Chettty.,news,Bengaluru Suburban Rail Project: A Progress Amidst Uncertainties - Metro Rail News
P260,Projects and Public Transportation Systems named after Puttanna Chettty.,news,Why Karnataka govt’s flawed decisions are adding to Bengaluru’s traffic crisis - Moneycontrol.com
P261,"To constitute a 'Maha Bengaluru Samsthan' involving urban governance experts, industrialists, economists, and environmentalists to help BBMP revive the lost glory of Bengaluru through its administration.",news,"BJP promises State Capital Region in Bengaluru, but how will that help? - The News Minute"
P263,To introduce e-rickshaws to improve first-mile and last-mile connectivity in the city of Bengaluru.,news,DMRC ties up with Bharat Taxi for stronger last-mile travel - The Hindu
P263,To introduce e-rickshaws to improve first-mile and last-mile connectivity in the city of Bengaluru.,news,Bengaluru to get ‘one city-one mobility card’; Karnataka aims to ease congestion by March 2026 - Moneycontrol.com
P263,To introduce e-rickshaws to improve first-mile and last-mile connectivity in the city of Bengaluru.,news,A Proposed Roadmap to Enhance Last-Mile Connectivity in India’s Metro Rail Transit Systems - orfonline.org
P263,To introduce e-rickshaws to improve first-mile and last-mile connectivity in the city of Bengaluru.,news,Beyond Bus Fare Subsidy Schemes: Tracing Urban Women’s Access to Gender-Responsive Mobility - Indiaspend
P263,To introduce e-rickshaws to improve first-mile and last-mile connectivity in the city of Bengaluru.,news,"For last-mile connect, 500 smaller-than-feeder buses - The Times of India"
P264,To install public charging/ battery swapping points at every metro station and bus stands to provide charging infrastructure.,news,Charging Infrastructure: The Missing Link in India’s EVs Transition - orfonline.org
P264,To install public charging/ battery swapping points at every metro station and bus stands to provide charging infrastructure.,news,"Govt Clarifies EV Charging Infrastructure Incentives, Ongoing Schemes to Promote EV Manufacturing - ACKO Drive"
P264,To install public charging/ battery swapping points at every metro station and bus stands to provide charging infrastructure.,news,Government rolls out 100% subsidy for EV charging infrastructure under PM E-Drive - The Hindu
P264,To install public charging/ battery swapping points at every metro station and bus stands to provide charging infrastructure.,news,Revving Up: Growing focus on EV charging infrastructure - Indian Infrastructure Magazine
P264,To install public charging/ battery swapping points at every metro station and bus stands to provide charging infrastructure.,news,PM E-DRIVE Scheme Boosts EV Charging Infrastructure - GK Today
P265,To provide free bus passes to BBMP pourakarmikas.,news,Free bus travel for women: Karnataka needs to quickly add buses to cater to spike in demand - Moneycontrol.com
P265,To provide free bus passes to BBMP pourakarmikas.,news,"As Karnataka govt pushes new bus pass offer, unorganised sector feels ignored - The Times of India"
P265,To provide free bus passes to BBMP pourakarmikas.,news,Karnataka Assembly polls 2023: What the manifestos of national parties promise - Citizen Matters
P265,To provide free bus passes to BBMP pourakarmikas.,news,BBMP Budget 2025-26 | Highlights - Deccan Herald
P265,To provide free bus passes to BBMP pourakarmikas.,news,"On Labour Day, 4k pourakarmikas get permanent jobs; Rs 39k per month salary - The Times of India"
P266,To complete the peripheral ring road and outer ring road projects on a priority basis to ease traffic congestion in the city.,news,Karnataka Assembly polls 2023: What the manifestos of national parties promise - Citizen Matters
P266,To complete the peripheral ring road and outer ring road projects on a priority basis to ease traffic congestion in the city.,news,BBC To Connect Tumakuru To Hosur: How Bengaluru’s Peripheral Ring Road Will Ease Business & Traffic - News18
P266,To complete the peripheral ring road and outer ring road projects on a priority basis to ease traffic congestion in the city.,news,Karnataka Budget 2025: Key takeaways - Deccan Herald
P266,To complete the peripheral ring road and outer ring road projects on a priority basis to ease traffic congestion in the city.,news,'Brand Bengaluru' caught between DK Shivakumar’s vanity projects and city's crumbling infra - Moneycontrol.com
P266,To complete the peripheral ring road and outer ring road projects on a priority basis to ease traffic congestion in the city.,news,"Bengaluru Tunnel Road Won’t End Traffic Woes, Move People, Not Vehicles: Tejasvi Surya To Shivakumar - News18"